{"stats":{"minecraft:mined":{"minecraft:grass_block":5},"minecraft:used":{"securitycraft:sentry":1,"minecraft:torch":2,"minecraft:dirt":4,"minecraft:sand":17,"minecraft:bow":9},"minecraft:picked_up":{"minecraft:sand":11,"minecraft:dirt":4},"minecraft:custom":{"minecraft:jump":59,"minecraft:time_since_rest":10396,"minecraft:crouch_one_cm":201,"minecraft:play_one_minute":10396,"minecraft:leave_game":2,"minecraft:sprint_one_cm":6591,"minecraft:time_since_death":10396,"minecraft:walk_one_cm":6171,"minecraft:sneak_time":19,"minecraft:mob_kills":1,"minecraft:fall_one_cm":627,"minecraft:fly_one_cm":71697},"minecraft:killed":{"minecraft:cod":1}},"DataVersion":2586}