{"stats":{"minecraft:killed":{"minecraft:sheep":3},"minecraft:picked_up":{"minecraft:wheat_seeds":1,"minecraft:mutton":4,"minecraft:white_wool":3},"minecraft:killed_by":{"iceandfire:gorgon":1},"minecraft:custom":{"minecraft:time_since_rest":9006,"minecraft:sprint_one_cm":30541,"minecraft:play_time":11170,"minecraft:walk_one_cm":7632,"minecraft:damage_taken":2147483647,"minecraft:deaths":1,"minecraft:walk_under_water_one_cm":129,"minecraft:mob_kills":3,"minecraft:jump":201,"minecraft:damage_dealt":240,"minecraft:leave_game":2,"minecraft:time_since_death":8959,"minecraft:walk_on_water_one_cm":622,"minecraft:total_world_time":11170,"minecraft:climb_one_cm":1105,"minecraft:swim_one_cm":1175,"minecraft:fall_one_cm":3901,"minecraft:fly_one_cm":80755},"minecraft:used":{"spartanweaponry:dynamite":3,"simpleradio:microphone":2,"spartanweaponry:netherite_quarterstaff":3,"alexsmobs:animal_dictionary":1,"spartanweaponry:golden_glaive":3,"spartanweaponry:netherite_boomerang":5,"simpleradio:radio":2}},"DataVersion":3465}