{
  "minecraft:recipes/decorations/crafting_table": {
    "criteria": {
      "unlock_right_away": "2024-09-18 18:08:42 +0000"
    },
    "done": true
  },
  "minecraft:adventure/adventuring_time": {
    "criteria": {
      "minecraft:taiga": "2024-09-18 18:08:44 +0000",
      "minecraft:forest": "2024-09-18 22:26:57 +0000"
    },
    "done": false
  },
  "create:root": {
    "criteria": {
      "0": "2024-09-18 22:25:55 +0000"
    },
    "done": true
  },
  "betterdungeons:root": {
    "criteria": {
      "always": "2024-09-18 22:25:56 +0000"
    },
    "done": true
  },
  "overworld_netherite_ore:overworld_netherite": {
    "criteria": {
      "overworld_netherite_0": "2024-09-18 22:25:56 +0000"
    },
    "done": true
  },
  "farmersdelight:main/root": {
    "criteria": {
      "seeds": "2024-09-18 22:25:55 +0000"
    },
    "done": true
  },
  "DataVersion": 3465
}